outcome,run_exp_change
1B,0.9801982577222463
2B,1.3070571539019873
3B,1.4420294456151934
BB,0.866720791059687
HBP,0.8666361761488401
HR,1.773001723844913
wOBA_scale,0.8492191458296943
runSB,0.2
