outcome,run_exp_change
1B,0.9735502767236782
2B,1.3203768314169022
3B,1.4332486278199696
BB,0.8666910094348377
HBP,0.8718603564131876
HR,1.8380448687218258
wOBA_scale,0.8713397454189333
runSB,0.2
