outcome,run_exp_change
1B,0.9727309599997985
2B,1.3578756538294936
3B,1.4861299573658115
BB,0.8508531111033216
HBP,0.8485736709168155
HR,1.8219689724736836
wOBA_scale,0.8668581497882806
runSB,0.2
